Title,Text,Choices,Correctness,Explanation
Question 1,Een while-loop wordt één keer of vaker doorlopen.,Waar~~Onwaar,False~~True,
Question 2,Een if-statement moet een else of een elif-deel bevatten.,Waar~~Onwaar,False~~True,
Question 3,"Herschrijf de volgende code:


if year <= 2022:
    pass
else:
    year = 2022","Correct Answer","De code bevat een onnodige pass. De code kan namelijk duidelijker en korter:

if year > 2022
    year = 2022",""
Question 4,"Herschrijf de volgende code:

for i in range(len(lst)):
    if lst[i] > 0:
        print(lst[i])",Correct Answer,"for (i, n) in enumerate(lst):
    if n > 0:
        print(n)",""